Transaction_id,Or_id,Or_pay_method,Or_pay_status,Or_status,Ca_id,Ca_name,Ca_contact_no,Ca_email,Ca_address,Ca_city,Ca_state,Ca_country,R_id,R_contact,R_email,Pr_id,Pr_category_id,Pr_category_name,Pr_name,Pr_price,Offer_code,Offer_price,Discount_code,Discount_price,Or_total_price
#45678,1001,Online,Complete,Delivered,1,Jainik,7600884473,q@gmail.com,"Upper Street, Stratford St Mary, COLCHESTER, Essex",Surat,Gujarat,India,A,8630947540,shiv@gmail.com,A01,1,Electronic,Camera,50000,FLAT50,50,DIWALI10,5000,45000
#45679,1002,Cash,Pending,Shipped,2,Faizal,6127994116,w@gmail.com,"Egremont Street, Glemsford, SUDBURY, Suffolk",Rajkot,Gujarat,India,B,7653908726,ravi@gmail.com,B01,4,Fashion,Men's wear,7000,FLAT10,10,,,7000
#45680,1003,Online,Complete,Cancel,3,Sunny,8259599783,e@gmail.com,"7 Market Hill, SUDBURY, Suffolk",Ahmedabad,Gujarat,India,C,8902536748,jay@gmail.com,C01,6,Appliance,Air conditioner,20000,FLAT30,30,MARKSNTI14,1600,18400
#45681,1004,Online,Complete,Delivered,4,Shivang,8630947540,r@gmail.com,"Lower Street, Stratford St Mary, COLCHESTER, Essex",Vadodara,Gujarat,India,D,7722446688,raj@gmail.com,D01,8,Mobile,Samsung,25000,,0,FREEDOM37,500,24500
#45682,1005,Online,Complete,Delivered,5,Vinay,7654890321,t@gmail.com,"Lion Road, Glemsford, SUDBURY, Suffolk",Kutch,Gujarat,India,E,7227455460,deep@gmail.com,A02,2,Electronic,SmartWatch,3000,FLAT50,50,SPEACIAL099,240,2760
#45683,1006,Cash,Pending,Shipped,6,Shreya,8734095647,y@gmail.com,"Bristol Hill, Shotley, IPSWICH, Suffolk",Mumbai,Maharashtra,India,F,9823674590,shan@gmail.com,A01,1,Electronic,Camera,55999,FLAT50,50,,,55999
#45684,1007,Online,Complete,Delivered,7,Prachee,9835670907,u@gmail.com,"Pin Mill Road, Chelmondiston, IPSWICH, Suffolk",Pune,Maharashtra,India,G,9100254673,meet@gmail.com,B01,4,Fashion,Men's wear,2999,FLAT50,50,DIWALI10,239.92,2759.08
#45685,1008,Online,Complete,Cancel,8,Dishali,7609080605,i@gmail.com,"Heath Road, East Bergholt, COLCHESTER, Essex",Udaipur,Rajasthan,India,H,8256378690,honey@gmail.com,B02,5,Fashion,Women's wear,2000,FLAT50,50,FREEDOM37,120,1880
#45686,1009,Online,Complete,Delivered,9,Vivek,8410204050,o@gmail.com,"The Bull Inn, The Street, Brantham, MANNINGTREE",Jaipur,Rajasthan,India,I,7254637910,love@gmail.com,A03,3,Electronic,Speakers,1200,FLAT50,50,,,1200
#45687,1010,Cash,Pending,Delivered,10,Ravi,6898765665,p@gmail.com,"The Grange Caravan Park, Straight Road, East Bergholt, COLCHESTER",Surendranagar,Gujarat,India,J,9264380962,sid@gmail.com,C02,7,Appliance,Washing machine,30000,,0,WOMAN23,1500,28500
#45688,1011,Online,Complete,Delivered,11,Raj,1543011120,a@gmail.com,"Hall Street, Long Melford, SUDBURY, Suffolk",Rajkot,Gujarat,India,A,8630947540,shiv@gmail.com,A02,2,Electronic,SmartWatch,4999,FLAT50,50,,,4999
#45689,1012,Online,Complete,Shipped,12,surabh,1543041720,s@gmail.com,"Cattawade Street, Brantham, MANNINGTREE, Essex",Surat,Gujarat,India,B,7653908726,ravi@gmail.com,D01,8,Mobile,Samsung,20000,FLAT50,50,,,20000
#45690,1013,Online,Complete,Delivered,13,danish,1543020300,d@gmail.com,"Eight Bells Public House, 90-92 Angel Street, Hadleigh, IPSWICH",Rajkot,Gujarat,India,C,8902536748,jay@gmail.com,D02,9,Mobile,Apple,80000,FLAT50,50,MARKSNTI14,4000,76000
#45691,1014,Online,Complete,Delivered,14,darshil,1542695940,f@gmail.com,"The Swan Inn, The Street, Monks Eleigh, IPSWICH",Surat,Gujarat,India,D,7722446688,raj@gmail.com,B01,4,Fashion,Men's wear,2300,FLAT10,10,,,2300
#45692,1015,Cash,Pending,Cancel,15,Hiral,1542695940,g@gmail.com,"63 Bures Road, Great Cornard, SUDBURY, Suffolk",Rajkot,Gujarat,India,A,8630947540,shiv@gmail.com,C02,7,Appliance,Washing machine,65222,,0,,,65222
#45693,1016,Online,Complete,Delivered,16,Shivangi,1542786210,h@gmail.com,"Church Street, Groton, SUDBURY, Suffolk",Vadodara,Gujarat,India,B,7653908726,ravi@gmail.com,D01,8,Mobile,Samsung,30000,FLAT50,50,WOMAN23,900,29100
#45694,1017,Online,Complete,Delivered,17,Parth,1543133520,j@gmail.com,"Manningtree Road, Stutton, IPSWICH, Suffolk",Rajkot,Gujarat,India,E,7227455460,deep@gmail.com,A01,1,Electronic,Camera,75000,FLAT50,50,,,75000
#45695,1018,Online,Complete,Delivered,18,Shreya,1542783150,k@gmail.com,"25-27 Hunts Hill, Glemsford, SUDBURY, Suffolk",Surat,Gujarat,India,I,7254637910,love@gmail.com,D03,10,Mobile,Nokia,15000,FLAT50,50,DSKFJFEIJ90,450,14550
#45696,1019,Online,Complete,Shipped,19,Vinay,1543177890,l@gmail.com,"The Grover and Allen, 67-70 North Street, SUDBURY, Suffolk",Rajkot,Gujarat,India,A,8630947540,shiv@gmail.com,B01,4,Fashion,Men's wear,200,,0,,,200
#45697,1020,Online,Complete,Delivered,20,Dhruv,1543026420,z@gmail.com,"Harrow Street, Leavenheath, COLCHESTER, Essex",Rajkot,Gujarat,India,B,7653908726,ravi@gmail.com,D03,10,Mobile,Nokia,12000,FLAT50,50,,,12000
#45698,1021,Online,Complete,Delivered,21,Ronak,1542865770,x@gmail.com,"Heath Road, East Bergholt, COLCHESTER, Essex",Rajkot,Gujarat,India,D,7722446688,raj@gmail.com,B02,5,Fashion,Women's wear,5030,FLAT50,50,,,5030
#45699,1022,Cash,Pending,Delivered,22,Sunny,1542552120,c@gmail.com,"132 High Street, Bildeston, IPSWICH, Suffolk",Vadodara,Gujarat,India,I,7254637910,love@gmail.com,C02,7,Appliance,Washing machine,55999,,0,DIWALI10,2799.95,53199.05
#45700,1023,Online,Complete,Delivered,23,Mahavir,1543167180,v@gmail.com,"115 Bures Road, Great Cornard, SUDBURY, Suffolk",Rajkot,Gujarat,India,A,8630947540,shiv@gmail.com,D01,8,Mobile,Samsung,45000,,0,,,45000
#45701,1024,Online,Complete,Delivered,24,Dharmik,1542928500,b@gmail.com,"Ex-Service & Social Club, Hall Street, Long Melford, SUDBURY",Rajkot,Gujarat,India,B,7653908726,ravi@gmail.com,B01,4,Fashion,Men's wear,1423,FLAT50,50,,,1423
#45702,1025,Online,Complete,Delivered,25,Honey,1542790800,n@gmail.com,"Cats Lane, Great Cornard, SUDBURY, Suffolk",Surat,Gujarat,India,C,8902536748,jay@gmail.com,D02,9,Mobile,Apple,65000,FLAT50,50,MARKSNTI14,3250,61750
#45703,1026,Online,Complete,Cancel,26,Vijay,1542878010,m@gmail.com,"North Street, SUDBURY, Suffolk",Ahmedabad,Gujarat,India,I,7254637910,love@gmail.com,A01,1,Electronic,Camera,45000,FLAT50,50,,,45000
#45704,1027,Cash,Pending,Delivered,27,Butul,1543026420,qq@gmail.com,"Flat 1, Croft Road, SUDBURY, Suffolk",Surendranagar,Gujarat,India,A,8630947540,shiv@gmail.com,C02,7,Appliance,Washing machine,65000,FLAT50,50,DIWALI10,3250,61750
#45705,1028,Online,Complete,Delivered,28,Dhaval,1542691350,ww@gmail.com,"Bourne Hill, Wherstead, IPSWICH, Suffolk",Vadodara,Gujarat,India,B,7653908726,ravi@gmail.com,D03,10,Mobile,Nokia,30000,,0,,,30000
#45706,1029,Online,Complete,Delivered,29,Parshv,1543005000,ee@gmail.com,"Great Green, Cockfield, BURY ST EDMUNDS, Suffolk",Rajkot,Gujarat,India,I,7254637910,love@gmail.com,A02,2,Electronic,SmartWatch,3600,FLAT50,50,,,3600
#45707,1030,Online,Complete,Delivered,30,Roni,1543006530,rr@gmail.com,"New Street, SUDBURY, Suffolk",Ahmedabad,Gujarat,India,A,8630947540,shiv@gmail.com,D01,8,Mobile,Samsung,30000,FLAT50,50,,,30000
#45708,1031,Cash,Pending,Delivered,31,Akshay,1543174830,tt@gmail.com,"The Row, Wenham Magna, COLCHESTER, Essex",Surat,Gujarat,India,B,7653908726,ravi@gmail.com,B01,4,Fashion,Men's wear,2350,FLAT30,30,DIWALI10,117.5,2232.5
#45709,1032,Online,Complete,Delivered,32,Rutik,1543171770,yy@gmail.com,"The Street, Layham, IPSWICH, Suffolk",Vadodara,Gujarat,India,E,7227455460,deep@gmail.com,A02,2,Electronic,SmartWatch,13000,FLAT50,50,,,13000
#45710,1033,Online,Complete,Delivered,33,Hardik,1542842820,uu@gmail.com,"Main Road, Chelmondiston, IPSWICH, Suffolk",Rajkot,Gujarat,India,D,7722446688,raj@gmail.com,A01,1,Electronic,Camera,80000,FLAT50,50,FREEDOM37,8000,72000
#45711,1034,Online,Complete,Delivered,34,Maharsign,1542844350,ii@gmail.com,"The Street, Elmsett, IPSWICH, Suffolk",Surendranagar,Gujarat,India,B,7653908726,ravi@gmail.com,C01,6,Appliance,Air conditioner,45000,,0,,,45000
#45712,1035,Online,Complete,Delivered,35,Meghraj,1543015710,oo@gmail.com,"Cat House Lane, Woolverstone, IPSWICH, Suffolk",Surat,Gujarat,India,D,7722446688,raj@gmail.com,A03,3,Electronic,Speakers,63000,FLAT50,50,,,63000
#45713,1036,Online,Complete,Delivered,36,Vivek,1543021830,pp@gmail.com,"East End Lane, East Bergholt, COLCHESTER, Essex",Surendranagar,Gujarat,India,I,7254637910,love@gmail.com,D02,9,Mobile,Apple,32000,FLAT50,50,CHILD2344,1600,30400
#45714,1037,Online,Complete,Delivered,37,Dhrsym,1543008060,aa@gmail.com,"Shotley Marina, Shotley, IPSWICH, Suffolk",Surat,Gujarat,India,A,8630947540,shiv@gmail.com,D01,8,Mobile,Samsung,38000,FLAT50,50,,,38000
#45715,1038,Online,Complete,Delivered,38,Jack,1543024890,ss@gmail.com,"The Street, Assington, SUDBURY, Suffolk",Ahmedabad,Gujarat,India,B,7653908726,ravi@gmail.com,B02,5,Fashion,Women's wear,3500,FLAT50,50,,,3500
#45716,1039,Cash,Complete,Delivered,39,Rony,1542867300,dd@gmail.com,"54 Station Road, SUDBURY, Suffolk",Surat,Gujarat,India,D,7722446688,raj@gmail.com,A02,2,Electronic,SmartWatch,2000,FLAT50,50,FREEDOM37,100,1900
#45717,1040,Online,Complete,Delivered,40,Soniya,1542859650,ff@gmail.com,"Lower Street, Stratford St Mary, COLCHESTER, Essex",Vadodara,Gujarat,India,I,7254637910,love@gmail.com,B01,4,Fashion,Men's wear,3000,,0,,,3000
#45718,1041,Online,Complete,Delivered,41,Monu,1543148820,gg@gmail.com,"26 Court Street, Nayland with Wissington, COLCHESTER, Essex",Surat,Gujarat,India,A,8630947540,shiv@gmail.com,D03,10,Mobile,Nokia,10000,FLAT10,10,,,10000
#45719,1042,Online,Complete,Delivered,42,Nishau,1542931560,hh@gmail.com,"The Angel, Market Place, Lavenham, SUDBURY",Rajkot,Gujarat,India,C,8902536748,jay@gmail.com,C02,7,Appliance,Washing machine,20000,FLAT50,50,,,20000
#45720,1043,Online,Complete,Delivered,43,Nisha,1543179420,jj@gmail.com,"Polstead Street, Stoke by Nayland, COLCHESTER, Essex",Ahmedabad,Gujarat,India,D,7722446688,raj@gmail.com,A01,1,Electronic,Camera,45000,FLAT50,50,WOMAN23,6750,38250
#45721,1044,Online,Complete,Delivered,44,Shiv,1543154940,kk@gmail.com,"61-65 Melford Road, SUDBURY, Suffolk",Rajkot,Gujarat,India,E,7227455460,deep@gmail.com,D02,9,Mobile,Apple,89000,FLAT50,50,,,89000
#45722,1045,Online,Complete,Shipped,45,Roger,1543027950,ll@gmail.com,"Hadleigh Road, Sproughton, IPSWICH, Suffolk",Surat,Gujarat,India,I,7254637910,love@gmail.com,D03,10,Mobile,Nokia,65333,FLAT50,50,WOMAN23,32666.5,32666.5
#45723,1046,Online,Complete,Delivered,46,Martin,1542705120,zz@gmail.com,"The Bell Inn, The Street, Kersey, IPSWICH",Ahmedabad,Gujarat,India,B,7653908726,ravi@gmail.com,D01,8,Mobile,Samsung,80000,FLAT50,50,WOMAN23,4000,76000
#45724,1047,Online,Complete,Delivered,47,Kareena,1543180950,xx@gmail.com,"Bower House Tye, Polstead, COLCHESTER, Essex",Rajkot,Gujarat,India,A,8630947540,shiv@gmail.com,B01,4,Fashion,Men's wear,5030,,0,,,5030
#45725,1048,Cash,Pending,Delivered,48,Hetavi,1543026420,cc@gmail.com,"East Street, SUDBURY, Suffolk",Surendranagar,Gujarat,India,C,8902536748,jay@gmail.com,B02,5,Fashion,Women's wear,3099,FLAT30,30,WOMAN23,61.98,3037.02
#45726,1049,Online,Complete,Shipped,49,Roy,1543005000,vv@gmail.com,"The Brook Inn, 241 Bures Road, Great Cornard, SUDBURY",Surat,Gujarat,India,D,7722446688,raj@gmail.com,D03,10,Mobile,Nokia,40000,FLAT50,50,,,40000
#45727,1050,Online,Complete,Delivered,50,Ram,1543040190,bb@gmail.com,"The Street, Copdock And Washbrook, IPSWICH, Suffolk",Rajkot,Gujarat,India,I,7254637910,love@gmail.com,A02,2,Electronic,SmartWatch,23000,FLAT50,50,,,23000
#45728,1051,Online,Complete,Delivered,51,Syam,1542995820,nn@gmail.com,"The Bush, The Street, Shimpling, BURY ST EDMUNDS",Ahmedabad,Gujarat,India,A,8630947540,shiv@gmail.com,D02,9,Mobile,Apple,120000,FLAT50,50,,,120000
#45729,1052,Online,Complete,Delivered,52,Sakir,1542940740,mm@gmail.com,"Capel Road, Bentley, IPSWICH, Suffolk",Rajkot,Gujarat,India,I,7254637910,love@gmail.com,C02,7,Appliance,Washing machine,55099,,0,,,55099
#45730,1053,Online,Complete,Delivered,53,Darshan,1542951450,qw@gmail.com,"Lavenham Road, Brent Eleigh, SUDBURY, Suffolk",Surat,Gujarat,India,D,7722446688,raj@gmail.com,A01,1,Electronic,Camera,69000,FLAT50,50,CHILD2344,3450,65550
#45731,1054,Online,Complete,Delivered,54,Nidhi,1542844350,we@gmail.com,"The Cock Inn, Church Street, Lavenham, SUDBURY",Vadodara,Gujarat,India,B,7653908726,ravi@gmail.com,B01,4,Fashion,Men's wear,3999,FLAT50,50,,,3999
#45732,1055,Online,Complete,Shipped,55,Rahul,1542717360,er@gmail.com,"89 George Street, Hadleigh, IPSWICH, Suffolk",Ahmedabad,Gujarat,India,I,7254637910,love@gmail.com,D01,8,Mobile,Samsung,90900,FLAT30,30,,,90900
#45733,1056,Online,Complete,Delivered,56,Kushi,1542867300,rt@gmail.com,"Egremont Street, Glemsford, SUDBURY, Suffolk",,Gujarat,India,A,8630947540,shiv@gmail.com,A02,2,Electronic,SmartWatch,17000,FLAT50,50,,,17000
#45734,1057,Online,Complete,Delivered,57,Jainika,1543240620,ty@gmail.com,"Polstead Green, Polstead, COLCHESTER, Essex",Vadodara,Gujarat,India,I,7254637910,love@gmail.com,C01,6,Appliance,Air conditioner,70000,FLAT50,50,SPEACIAL099,3500,66500
#45735,1058,Cash,Pending,Delivered,58,Jenil,1542711240,yu@gmail.com,"Unit 3, The Pied Cow, 12 King Street, SUDBURY, Suffolk",Surat,Gujarat,India,C,8902536748,jay@gmail.com,D03,10,Mobile,Nokia,50000,FLAT50,50,,,50000
#45736,1059,Online,Complete,Delivered,59,Fenil,1543027950,ui@gmail.com,"High Street, Acton, SUDBURY, Suffolk",Ahmedabad,Gujarat,India,I,7254637910,love@gmail.com,A03,3,Electronic,Speakers,36656,FLAT50,50,,,36656
#45737,1060,Online,Complete,Delivered,60,Heena ,1542705120,io@gmail.com,"Park Street, Stoke by Nayland, COLCHESTER, Essex",Rajkot,Gujarat,India,A,8630947540,shiv@gmail.com,D01,8,Mobile,Samsung,70000,FLAT50,50,SOUND2341,3500,66500
#45738,1061,Online,Complete,Delivered,61,Ruchi,1542819870,op@gmail.com,"The Green, Hartest, BURY ST EDMUNDS, Suffolk",Surat,Gujarat,India,J,9264380962,sid@gmail.com,B01,4,Fashion,Men's wear,3652,,0,,,3652
#45739,1062,Online,Complete,Delivered,62,Manima,1542844350,as@gmail.com,"Delphi Diesel Systems Ltd, Newton Road, SUDBURY, Suffolk",Ahmedabad,Gujarat,India,B,7653908726,ravi@gmail.com,C02,7,Appliance,Washing machine,65000,FLAT50,50,,,65000
#45740,1063,Online,Complete,Delivered,63,Yash,1542725010,sd@gmail.com,"The Fleece, 8-10 Broad Street, Boxford, SUDBURY",Surendranagar,Gujarat,India,D,7722446688,raj@gmail.com,D03,10,Mobile,Nokia,40000,FLAT50,50,,,40000
#45741,1064,Online,Complete,Shipped,64,Yashvi,1542576600,df@gmail.com,"52 High Street, Hadleigh, IPSWICH, Suffolk",Surat,Gujarat,India,I,7254637910,love@gmail.com,A01,1,Electronic,Camera,36251,FLAT10,10,,,36251
#45742,1065,Online,Complete,Delivered,65,Vidhhi,1543199310,fg@gmail.com,"The George and Dragon Public House, Hall Street, Long Melford, SUDBURY",Rajkot,Gujarat,India,A,8630947540,shiv@gmail.com,B02,5,Fashion,Women's wear,3566,FLAT50,50,FREEDOM37,178.3,3387.7
#45743,1066,Online,Complete,Cancel,66,tirth,1543136580,gh@gmail.com,"George Street, Hintlesham, IPSWICH, Suffolk",Surat,Gujarat,India,I,7254637910,love@gmail.com,B02,5,Fashion,Women's wear,3652,FLAT50,50,,,3652
#45744,1067,Online,Complete,Delivered,67,"aarju
",1542553650,hj@gmail.com,"High Street, Lavenham, SUDBURY, Suffolk",Rajkot,Gujarat,India,B,7653908726,ravi@gmail.com,C02,7,Appliance,Washing machine,59999,FLAT50,50,,,59999
#45745,1068,Online,Complete,Delivered,68,vatsal,1542873420,jk@gmail.com,"The Bakers Arms, The Street, Harkstead, IPSWICH",Surat,Gujarat,India,I,7254637910,love@gmail.com,D01,8,Mobile,Samsung,65000,FLAT50,50,WOMAN23,3250,61750
#45746,1069,Cash,Pending,Delivered,69,akash,1543180950,kl@gmail.com,"Three Horseshoes, Stows Hill, Cockfield, BURY ST EDMUNDS",Vadodara,Gujarat,India,A,8630947540,shiv@gmail.com,C01,6,Appliance,Air conditioner,45000,,0,,,45000
#45747,1070,Online,Complete,Delivered,70,Amitabh,1542867300,zx@gmail.com,"90 High Street, Hadleigh, IPSWICH, Suffolk",Surat,Gujarat,India,I,7254637910,love@gmail.com,B01,4,Fashion,Men's wear,3654,FLAT50,50,,,3654
#45748,1071,Online,Complete,Delivered,71,Upesh,1542824460,xc@gmail.com,"Kings Head, Manningtree Road, Stutton, IPSWICH",Rajkot,Gujarat,India,D,7722446688,raj@gmail.com,D01,8,Mobile,Samsung,50000,FLAT50,50,,,50000
#45749,1072,Online,Complete,Delivered,72,Akshay,1542847410,cv@gmail.com,"Honey Tye, Leavenheath, COLCHESTER, Essex",Ahmedabad,Gujarat,India,A,8630947540,shiv@gmail.com,A02,2,Electronic,SmartWatch,2222,FLAT50,50,,,2222
#45750,1073,Online,Complete,Delivered,73,Om,1543185540,vb@gmail.com,"Station Road, Long Melford, SUDBURY, Suffolk",Surat,Gujarat,India,J,9264380962,sid@gmail.com,D03,10,Mobile,Nokia,30255,FLAT50,50,WOMAN23,1512.75,28742.25
#45751,1074,Online,Complete,Delivered,74,Dipam,1542865770,bn@gmail.com,"37 The Street, Chelsworth, IPSWICH, Suffolk",Vadodara,Gujarat,India,D,7722446688,raj@gmail.com,A01,1,Electronic,Camera,83599,FLAT30,30,,,83599
#45752,1075,Online,Complete,Delivered,75,Jaydip,1542816810,nm@gmail.com,"High Street, Bildeston, IPSWICH, Suffolk",Ahmedabad,Gujarat,India,B,7653908726,ravi@gmail.com,C02,7,Appliance,Washing machine,23000,FLAT50,50,,,23000
#45753,1076,Online,Complete,Delivered,76,Suhan,1542865770,aq@gmail.com,"The Street, East Bergholt, COLCHESTER, Essex",Rajkot,Gujarat,India,I,7254637910,love@gmail.com,B02,5,Fashion,Women's wear,2200,FLAT50,50,,,2200
#45754,1077,Online,Complete,Delivered,77,Drish,1542783150,sw@gmail.com,"The Street, Shotley, IPSWICH, Suffolk",Surat,Gujarat,India,A,8630947540,shiv@gmail.com,B02,5,Fashion,Women's wear,2366,FLAT50,50,MARKSNTI14,118.3,2247.7
#45755,1078,Online,Complete,Delivered,78,Dev,1543102920,de@gmail.com,"Cordell Road, Long Melford, SUDBURY, Suffolk",Surendranagar,Gujarat,India,J,9264380962,sid@gmail.com,D02,9,Mobile,Apple,89000,FLAT50,50,,,89000
#45756,1079,Cash,Pending,Delivered,79,prayag,1543188600,fr@gmail.com,"George Street, Hadleigh, IPSWICH, Suffolk",Ahmedabad,Gujarat,India,D,7722446688,raj@gmail.com,B01,4,Fashion,Men's wear,566,FLAT50,50,FREEDOM37,28.3,537.7
#45757,1080,Online,Complete,Delivered,80,Nency,1543145760,gt@gmail.com,"Sudbury Road, Newton, SUDBURY, Suffolk",Rajkot,Gujarat,India,B,7653908726,ravi@gmail.com,D03,10,Mobile,Nokia,122222,FLAT50,50,,,122222
#45758,1081,Online,Complete,Delivered,81,savita,1542813750,hy@gmail.com,"East Street, SUDBURY, Suffolk",Surat,Gujarat,India,J,9264380962,sid@gmail.com,C02,7,Appliance,Washing machine,98555,FLAT50,50,,,98555
#45759,1082,Online,Complete,Shipped,82,zoya,1542708180,ju@gmail.com,"The Street, Preston St Mary, SUDBURY, Suffolk",Vadodara,Gujarat,India,A,8630947540,shiv@gmail.com,D02,9,Mobile,Apple,100000,FLAT50,50,DIWALI10,5000,95000
#45760,1083,Online,Complete,Delivered,83,megha,1543026420,ki@gmail.com,"Hall Street, Long Melford, SUDBURY, Suffolk",Ahmedabad,Gujarat,India,I,7254637910,love@gmail.com,C02,7,Appliance,Washing machine,40000,FLAT50,50,,,40000
#45761,1084,Online,Complete,Delivered,84,palak,1543190130,lo@gmail.com,"Swan Inn, The Street, Holbrook, IPSWICH",Rajkot,Gujarat,India,C,8902536748,jay@gmail.com,D03,10,Mobile,Nokia,65000,,0,,,65000
#45762,1085,Online,Complete,Delivered,85,Ruchita,1543020300,za@gmail.com,"The Street, Lawshall, BURY ST EDMUNDS, Suffolk",Ahmedabad,Gujarat,India,I,7254637910,love@gmail.com,C01,6,Appliance,Air conditioner,80000,FLAT10,10,CHILD2344,4000,76000
#45763,1086,Online,Complete,Delivered,86,kruti,1542558240,xs@gmail.com,"The Swan, The Street, Little Waldingfield, SUDBURY",Surendranagar,Gujarat,India,A,8630947540,shiv@gmail.com,D03,10,Mobile,Nokia,54000,FLAT50,50,,,54000
#45764,1087,Online,Complete,Delivered,87,vidhi,1543011120,cd@gmail.com,"Lavenham Road, The Heath, Great Waldingfield, SUDBURY, Suffolk",Surat,Gujarat,India,E,7227455460,deep@gmail.com,B01,4,Fashion,Men's wear,1235,FLAT50,50,,,1235
#45765,1088,Online,Complete,Delivered,88,chintan,1543079970,vf@gmail.com,"London Road, Capel St Mary, IPSWICH, Suffolk",Ahmedabad,Gujarat,India,J,9264380962,sid@gmail.com,D02,9,Mobile,Apple,89000,FLAT50,50,FREEDOM37,4450,84550
#45766,1089,Online,Complete,Delivered,89,manan,1542862710,bg@gmail.com,"White Horse Inn, Mill Green, Edwardstone, SUDBURY",Rajkot,Gujarat,India,A,8630947540,shiv@gmail.com,D02,9,Mobile,Apple,89000,FLAT50,50,,,89000
#45767,1090,Online,Complete,Delivered,90,milan,1542884130,nh@gmail.com,"Wild Man Inn, Bramford Road, Sproughton, IPSWICH",Rajkot,Gujarat,India,I,7254637910,love@gmail.com,D01,8,Mobile,Samsung,78000,FLAT50,50,,,78000
#45768,1091,Cash,Pending,Shipped,91,raj,1542559770,mj@gmail.com,"Church Square, Bures St Mary, BURES, Suffolk",Surat,Gujarat,India,B,7653908726,ravi@gmail.com,C01,6,Appliance,Air conditioner,311111,FLAT50,50,WOMAN23,15555.55,295555.45
#45769,1092,Online,Complete,Delivered,92,shrut,1542862710,zq@gmail.com,"White Horse Road, East Bergholt, COLCHESTER, Essex",Vadodara,Gujarat,India,E,7227455460,deep@gmail.com,D03,10,Mobile,Nokia,55000,FLAT50,50,,,55000
#45770,1093,Online,Complete,Delivered,93,Guru,1543001940,xw@gmail.com,"Church Walk, SUDBURY, Suffolk",Rajkot,Gujarat,India,A,8630947540,shiv@gmail.com,C01,6,Appliance,Air conditioner,89000,FLAT30,30,,,89000
#45771,1094,Online,Complete,Delivered,94,Loki,1542714300,ce@gmail.com,"Church Road, Tattingstone, IPSWICH, Suffolk",Ahmedabad,Gujarat,India,I,7254637910,love@gmail.com,C01,6,Appliance,Air conditioner,210000,FLAT50,50,,,210000
#45772,1095,Online,Complete,Delivered,95,Thor,1543027950,vr@gmail.com,"Whatfield Road, Nedging with Naughton, IPSWICH, Suffolk",Vadodara,Gujarat,India,J,9264380962,sid@gmail.com,B01,4,Fashion,Men's wear,6587,FLAT50,50,WOMAN23,329.35,6257.65
#45773,1096,Online,Complete,Delivered,96,Shine,1543008060,bt@gmail.com,"North Street, SUDBURY, Suffolk",Ahmedabad,Gujarat,India,A,8630947540,shiv@gmail.com,B02,5,Fashion,Women's wear,963,FLAT50,50,,,963
#45774,1097,Online,Complete,Delivered,97,Doni,1543158000,ny@gmail.com,"Vitro Bars Ltd, 2 Western Road, Billericay, Essex",Rajkot,Gujarat,India,I,7254637910,love@gmail.com,D02,9,Mobile,Apple,150000,FLAT50,50,WOMAN23,7500,142500
#45775,1098,Online,Complete,Delivered,98,Rayan,1543187070,mu@gmail.com,"Barleylands Road, Basildon, Essex",Ahmedabad,Gujarat,India,B,7653908726,ravi@gmail.com,C01,6,Appliance,Air conditioner,70000,FLAT50,50,,,70000
#45776,1099,Online,Complete,Delivered,99,Ayan,1542856590,aw@gmail.com,"The Clubhouse,Mopsies Park, Timberlog Close, Basildon, Essex",Surat,Gujarat,India,E,7227455460,deep@gmail.com,D01,8,Mobile,Samsung,56000,FLAT50,50,,,56000
#45777,1100,Online,Complete,Delivered,100,Mohin,1543092210,ae@gmail.com,"Gardiners Close, Basildon, Essex",Ahmedabad,Gujarat,India,I,7254637910,love@gmail.com,B01,4,Fashion,Men's wear,966,,0,,,966
#45778,1101,Online,Complete,Cancel,101,Siddhu,1543027950,ar@gmail.com,"5 High Pavement, Basildon, Essex",Surendranagar,Gujarat,India,A,8630947540,shiv@gmail.com,C01,6,Appliance,Air conditioner,54444,FLAT50,50,ASDD456,2722.2,51721.8
#45779,1102,Online,Complete,Delivered,102,Shivam,1542400650,at@gmail.com,"Gardiners Way, Basildon, Essex",Ahmedabad,Gujarat,India,J,9264380962,sid@gmail.com,D03,10,Mobile,Nokia,311111,FLAT10,10,,,311111
#45780,1103,Online,Complete,Delivered,103,Laboon,1543196250,ay@gmail.com,"Gardiners Close, Basildon, Essex",Rajkot,Gujarat,India,B,7653908726,ravi@gmail.com,B01,4,Fashion,Men's wear,999,FLAT50,50,,,999
#45781,1104,Cash,Pending,Delivered,104,Luffy,1543231440,au@gmail.com,"Southernhay, Basildon, Essex",,Gujarat,India,I,7254637910,love@gmail.com,C01,6,Appliance,Air conditioner,65400,FLAT50,50,FREEDOM37,3270,62130
#45782,1105,Online,Complete,Delivered,105,Zoro,1542712770,ai@gmail.com,"77 Pound Lane, Bowers Gifford, Pitsea,Essex.",Surat,Gujarat,India,I,7254637910,love@gmail.com,B02,5,Fashion,Women's wear,989,FLAT50,50,,,989
#45783,1106,Online,Complete,Delivered,106,Chopper,1543162590,ao@gmail.com,"Barleylands Farm, Barleylands Road, Billericay, Essex",Ahmedabad,Gujarat,India,A,8630947540,shiv@gmail.com,D03,10,Mobile,Nokia,12310,FLAT50,50,CHILD2344,615.5,11694.5
#45784,1107,Online,Complete,Delivered,107,Jokar,1542558240,ap@gmail.com,"1a High Street, Billericay, Essex",Vadodara,Gujarat,India,I,7254637910,love@gmail.com,D02,9,Mobile,Apple,35411,FLAT50,50,,,35411
#45785,1108,Online,Complete,Delivered,108,suresh,1543023360,ad@gmail.com,"The Toby Howe Cricket Ground, Blunts Wall Road, Billericay, Essex.",Rajkot,Gujarat,India,E,7227455460,deep@gmail.com,B01,4,Fashion,Men's wear,2488,,0,TUSJSDFH673,124.4,2363.6
#45786,1109,Online,Complete,Delivered,109,Syam,1543153410,af@gmail.com,"Laindon Link, Laindon, Basildon,Essex.",Ahmedabad,Gujarat,India,B,7653908726,ravi@gmail.com,B02,5,Fashion,Women's wear,3600,FLAT50,50,,,3600
#45787,1110,Online,Complete,Delivered,110,Rahil,1542717360,ag@gmail.com,"Bowers United Sports And Social Club, Crown Avenue, Pitsea, Basildon",Vadodara,Gujarat,India,I,7254637910,love@gmail.com,C01,6,Appliance,Air conditioner,65411,FLAT50,50,,,65411
#45788,1111,Online,Complete,Shipped,111,Naruto,1542555180,ah@gmail.com,"Market Avenue, Wickford, Essex",Ahmedabad,Gujarat,India,A,8630947540,shiv@gmail.com,D03,10,Mobile,Nokia,22121,FLAT50,50,TUSJSDFH673,1106.05,21014.95
#45789,1112,Online,Complete,Delivered,112,Mikasa,1542717360,aj@gmail.com,"Bromford Sports Centre, Grange Avenue, Wickford, Essex.",Vadodara,Gujarat,India,I,7254637910,love@gmail.com,B01,4,Fashion,Men's wear,4520,FLAT30,30,,,4520
#45790,1113,Online,Complete,Delivered,113,Armin,1543043250,ak@gmail.com,"Castle Mayne, The Knares, Basildon, Essex",Ahmedabad,Gujarat,India,C,8902536748,jay@gmail.com,C01,6,Appliance,Air conditioner,31355,FLAT50,50,,,31355
#45791,1114,Online,Complete,Delivered,114,Eren,1542708180,al@gmail.com,"44 High Street, Billericay, Essex",Surat,Gujarat,India,I,7254637910,love@gmail.com,B02,5,Fashion,Women's wear,20000,FLAT50,50,,,20000
#45792,1115,Online,Complete,Delivered,115,Levi,1543127400,az@gmail.com,"Festival Leisure Park, Cranes Farm Road, Basildon, Essex",Ahmedabad,Gujarat,India,A,8630947540,shiv@gmail.com,D01,8,Mobile,Samsung,35448,FLAT50,50,,,35448
#45793,1116,Online,Complete,Shipped,116,Shasa,1542726540,ax@gmail.com,"Club Kingswood, Clay Hill Lane, Basildon, Essex",Surendranagar,Gujarat,India,I,7254637910,love@gmail.com,B02,5,Fashion,Women's wear,9000,FLAT50,50,MARKSNTI14,450,8550
#45794,1117,Online,Complete,Delivered,117,Montu,1543219200,ac@gmail.com,"Luminar Unit 1, Festival Way, Basildon, Essex",Ahmedabad,Gujarat,India,G,9100254673,meet@gmail.com,C01,6,Appliance,Air conditioner,35444,FLAT50,50,,,35444
#45795,1118,Online,Complete,Delivered,118,Nobita,1542845880,av@gmail.com,"Cromwell Manor, Pitsea Hall Lane, Pitsea, Essex",Surat,Gujarat,India,A,8630947540,shiv@gmail.com,B01,4,Fashion,Men's wear,20000,FLAT50,50,,,20000
#45796,1119,Cash,Pending,Delivered,119,Shinchan,1542867300,ab@gmail.com,"Gardiners Lane South, Basildon, Essex",Ahmedabad,Gujarat,India,E,7227455460,deep@gmail.com,D02,9,Mobile,Apple,51355,FLAT50,50,MARKSNTI14,2567.75,48787.25
#45797,1120,Online,Complete,Delivered,120,Hahemaru,1542887190,an@gmail.com,"Festival Way, Basildon, Essex",Vadodara,Gujarat,India,H,8256378690,honey@gmail.com,D01,8,Mobile,Samsung,32111,FLAT50,50,,,32111
#45798,1121,Online,Complete,Delivered,121,Ronadalo,1542864240,am@gmail.com,"Dick Turpin, Southend Arterial Road, Wickford, Essex",,Gujarat,India,A,8630947540,shiv@gmail.com,D03,10,Mobile,Nokia,54466,FLAT50,50,,,54466
#45799,1122,Online,Complete,Delivered,122,Messi,1542874950,qa@gmail.com,"130 London Road, Wickford, Essex",Surat,Gujarat,India,I,7254637910,love@gmail.com,C01,6,Appliance,Air conditioner,54555,,0,WOMAN23,2727.75,51827.25
#45800,1123,Online,Complete,Delivered,123,Sabdar,1543193190,qe@gmail.com,"Lower Dunton Road, Dunton, Basildon,Essex.",Ahmedabad,Gujarat,India,C,8902536748,jay@gmail.com,D03,10,Mobile,Nokia,36547,FLAT50,50,,,36547
#45801,1124,Online,Complete,Delivered,124,Pragya,1542567420,qr@gmail.com,"Gardiners Close, Basildon, Essex",Rajkot,Gujarat,India,E,7227455460,deep@gmail.com,C01,6,Appliance,Air conditioner,65444,FLAT30,30,WOMAN23,3272.2,62171.8
#45802,1125,Online,Complete,Delivered,125,prachi,1542708180,qt@gmail.com,"Whitmore Way, Basildon, Essex",Surat,Gujarat,India,B,7653908726,ravi@gmail.com,A01,1,Electronic,Camera,89777,FLAT50,50,,,89777
#45803,1126,Online,Complete,Delivered,126,riya,1543229910,qy@gmail.com,"Fryerns Social Club, Fryerns Community Centre, Whitmore Way, Basildon, Essex",Ahmedabad,Gujarat,India,G,9100254673,meet@gmail.com,A02,2,Electronic,SmartWatch,30000,FLAT50,50,,,30000
#45804,1127,Online,Complete,Shipped,127,priya,1543021830,qu@gmail.com,"The Barnett Centre, Butneys, Basildon, Essex",Rajkot,Gujarat,India,A,8630947540,shiv@gmail.com,D01,8,Mobile,Samsung,56000,FLAT50,50,DIWALI10,2800,53200
#45805,1128,Online,Complete,Delivered,128,katappa,1543063140,qi@gmail.com,"Great Chalvedon Hall, Rectory Road, Pitsea, Basildon",Ahmedabad,Gujarat,India,I,7254637910,love@gmail.com,B01,4,Fashion,Men's wear,15000,FLAT50,50,,,15000
#45806,1129,Online,Complete,Delivered,129,bahubali,1543176360,qo@gmail.com,"Darby Digger, Radwinter Avenue, Wickford, Essex",Surat,Gujarat,India,E,7227455460,deep@gmail.com,D02,9,Mobile,Apple,35444,FLAT50,50,,,35444
#45807,1130,Cash,Pending,Delivered,130,thangabali,1543003470,qp@gmail.com,"High Road, Langdon Hills, Basildon,Essex.",,Gujarat,India,A,8630947540,shiv@gmail.com,D03,10,Mobile,Nokia,54211,FLAT50,50,CHILD2344,2710.55,51500.45
#45808,1131,Online,Complete,Delivered,131,preeti,1542870360,qs@gmail.com,"Holy Cross Recreation Ground Pavilion, Church Road, Basildon, Essex",Surendranagar,Gujarat,India,I,7254637910,love@gmail.com,A01,1,Electronic,Camera,36999,FLAT50,50,,,36999
#45809,1132,Online,Complete,Cancel,132,swati,1543026420,qd@gmail.com,"Mountnessing Road, Billericay, Essex",Rajkot,Gujarat,India,G,9100254673,meet@gmail.com,C01,6,Appliance,Air conditioner,54449,FLAT10,10,CHILD2344,2722.45,51726.55
#45810,1133,Online,Complete,Delivered,133,Sakshi,1543049370,qf@gmail.com,"39 High Street, Billericay, Essex",Surat,Gujarat,India,B,7653908726,ravi@gmail.com,D03,10,Mobile,Nokia,5444,FLAT50,50,,,5444
#45811,1134,Online,Complete,Delivered,134,Aesvariya,1542855060,pa@gmail.com,"Whitmore Way, Basildon, Essex",Rajkot,Gujarat,India,H,8256378690,honey@gmail.com,B01,4,Fashion,Men's wear,2399,,0,,,2399
#45812,1135,Online,Complete,Delivered,135,Aishwarya,1543003470,pq@gmail.com,"Southernhay, Basildon, Essex",Ahmedabad,Gujarat,India,A,8630947540,shiv@gmail.com,D03,10,Mobile,Nokia,541685,FLAT50,50,,,541685
#45813,1136,Online,Complete,Delivered,136,deepshikha,1542986640,pw@gmail.com,"Southend Road, Billericay, Essex",Vadodara,Gujarat,India,I,7254637910,love@gmail.com,B02,5,Fashion,Women's wear,7099,FLAT50,50,YOGA3033,354.95,6744.05
#45814,1137,Online,Complete,Delivered,137,ritika ,1542963690,pe@gmail.com,"1-15 Market Square, Basildon, Essex",Ahmedabad,Gujarat,India,C,8902536748,jay@gmail.com,C01,6,Appliance,Air conditioner,54545,FLAT50,50,FREEDOM37,2727.25,51817.75
#45815,1138,Online,Complete,Delivered,138,sanyam,1542864240,pr@gmail.com,"164 Clay Hill Road, Basildon, Essex",Surat,Gujarat,India,G,9100254673,meet@gmail.com,C02,7,Appliance,Washing machine,540666,FLAT50,50,,,540666
#45816,1139,Online,Complete,Shipped,139,sangam,1542819870,pt@gmail.com,"Gardiners Way, Basildon, Essex",Rajkot,Gujarat,India,A,8630947540,shiv@gmail.com,D01,8,Mobile,Samsung,54065,FLAT50,50,,,54065
#45817,1140,Online,Complete,Delivered,140,atharva,1543147290,py@gmail.com,"Time Square, Basildon, Essex",Ahmedabad,Gujarat,India,J,9264380962,sid@gmail.com,D03,10,Mobile,Nokia,25440,,0,YOGA3033,1272,24168
#45818,1141,Cash,Pending,Delivered,141,Abhishek,1543145760,pu@gmail.com,"113 High Street, Billericay, Essex",Surat,Gujarat,India,B,7653908726,ravi@gmail.com,B01,4,Fashion,Men's wear,8700,FLAT50,50,,,8700
#45819,1142,Online,Complete,Delivered,142,daya,1543187070,pi@gmail.com,"66-68 Laindon Road, Billericay, Essex",Vadodara,Gujarat,India,J,9264380962,sid@gmail.com,D01,8,Mobile,Samsung,65844,FLAT30,30,,,65844
#45820,1143,Online,Complete,Delivered,143,praduman,1542399120,po@gmail.com,"73-77 Runwell Road, Wickford, Essex",Ahmedabad,Gujarat,India,A,8630947540,shiv@gmail.com,A01,1,Electronic,Camera,456660,,0,,,456660
#45821,1144,Online,Complete,Delivered,144,hancy,1542925440,op@gmail.com,"S Wernick & Sons Ltd, Russell Gardens, Shotgate, Wickford",Surat,Gujarat,India,G,9100254673,meet@gmail.com,B01,4,Fashion,Men's wear,5455,FLAT50,50,,,5455
#45822,1145,Online,Complete,Delivered,145,jayant,1543035600,oe@gmail.com,"Nether Mayne, Basildon, Essex",Rajkot,Gujarat,India,C,8902536748,jay@gmail.com,A02,2,Electronic,SmartWatch,20000,FLAT50,50,YOGA3033,1000,19000
#45823,1146,Online,Complete,Delivered,146,manshuk,1542871890,ow@gmail.com,"Wickford Community Centre, Market Road, Wickford, Essex",Ahmedabad,Gujarat,India,H,8256378690,honey@gmail.com,D02,9,Mobile,Apple,14522,FLAT30,30,,,14522
#45824,1147,Online,Complete,Cancel,147,bhushan,1543168710,oq@gmail.com,"Queens Park Avenue, Billericay, Essex",Surat,Gujarat,India,A,8630947540,shiv@gmail.com,D02,9,Mobile,Apple,35411,FLAT50,50,ASDD456,1770.55,33640.45
#45825,1148,Online,Complete,Delivered,148,arpit,1542409830,or@gmail.com,"Tye Common Road, Little Burstead, Billericay,Essex.",Rajkot,Gujarat,India,E,7227455460,deep@gmail.com,A01,1,Electronic,Camera,60000,FLAT50,50,,,60000
#45826,1149,Online,Complete,Delivered,149,sakir,1542997350,ot@gmail.com,"Bowers United Sports And Social Club, Crown Avenue, Pitsea, Basildon",Ahmedabad,Gujarat,India,G,9100254673,meet@gmail.com,C02,7,Appliance,Washing machine,354115,FLAT50,50,,,354115
#45827,1150,Online,Complete,Delivered,150,nikhita,1543177890,oy@gmail.com,"The Coach and Horses, 36 Chapel Street, Billericay, Essex",Vadodara,Gujarat,India,A,8630947540,shiv@gmail.com,C01,6,Appliance,Air conditioner,321113,FLAT50,50,FREEDOM37,16055.65,305057.35
#45828,1151,Online,Complete,Delivered,151,Anil,1542873420,qg@gmail.com,"The Crane, Denys Drive, Basildon, Essex",Surat,Gujarat,India,I,7254637910,love@gmail.com,A01,1,Electronic,Camera,89899,,0,,,89899
#45829,1152,Online,Complete,Delivered,152,zeel,1543242150,qh@gmail.com,"2 High Street, Billericay, Essex",Ahmedabad,Gujarat,India,G,9100254673,meet@gmail.com,A02,2,Electronic,SmartWatch,5999,FLAT50,50,,,5999
#45830,1153,Online,Complete,Delivered,153,kinjal,1543165650,qj@gmail.com,"80 High Street, Wickford, Essex",Rajkot,Gujarat,India,B,7653908726,ravi@gmail.com,D02,9,Mobile,Apple,311111,FLAT10,10,,,311111
#45831,1154,Cash,Pending,Cancel,154,diya,1543153410,gq@gmail.com,"The Dukes Head, Laindon Common Road, Little Burstead, Billericay",Ahmedabad,Gujarat,India,E,7227455460,deep@gmail.com,D01,8,Mobile,Samsung,35111,FLAT50,50,SPEACIAL099,1755.55,33355.45
#45832,1155,Online,Complete,Delivered,155,riya,1543040190,gw@gmail.com,"The Edge, 6-8 High Pavement, Basildon, Essex",Surendranagar,Gujarat,India,H,8256378690,honey@gmail.com,A02,2,Electronic,SmartWatch,14554,FLAT50,50,,,14554
#45833,1156,Online,Complete,Delivered,156,chitra,1543188600,ge@gmail.com,"The Forge, 1-2 The Pantiles, Billericay, Essex",Surat,Gujarat,India,A,8630947540,shiv@gmail.com,A01,1,Electronic,Camera,66666,FLAT50,50,WOMAN23,3333.3,63332.7
#45834,1157,Online,Complete,Shipped,157,kiyu,1542735720,gr@gmail.com,"Victoria Road, Laindon, Basildon,Essex.",Vadodara,Gujarat,India,I,7254637910,love@gmail.com,D03,10,Mobile,Nokia,34321,FLAT50,50,,,34321
#45835,1158,Online,Complete,Delivered,158,trisha,1543167180,gt@gmail.com,"Festival Leisure Park, Cranes Farm Road, Basildon, Essex.",Ahmedabad,Gujarat,India,C,8902536748,jay@gmail.com,C02,7,Appliance,Washing machine,25411,,0,,,25411
#45836,1159,Online,Complete,Delivered,159,juhi,1543026420,gy@gmail.com,"25 Laindon Centre, Basildon, Essex",Surat,Gujarat,India,G,9100254673,meet@gmail.com,D01,8,Mobile,Samsung,23545,FLAT50,50,MARKSNTI14,1177.25,22367.75
#45837,1160,Online,Complete,Delivered,160,prakriti,1543154940,gu@gmail.com,"Burnt Mills Road, Pitsea, Essex.",Rajkot,Gujarat,India,A,8630947540,shiv@gmail.com,C02,7,Appliance,Washing machine,25444,FLAT50,50,,,25444
#45838,1161,Online,Complete,Delivered,161,disha,1543187070,qn@gmail.com,"Noak Bridge Public House, 45 Wash Road, Laindon, Basildon",Ahmedabad,Gujarat,India,E,7227455460,deep@gmail.com,B02,5,Fashion,Women's wear,8555,FLAT30,30,,,8555
#45839,1162,Online,Complete,Delivered,162,shraddha,1542865770,qm@gmail.com,"186 Great Knightleys, Basildon, Essex",Rajkot,Gujarat,India,A,8630947540,shiv@gmail.com,A03,3,Electronic,Speakers,5333,FLAT50,50,CHILD2344,266.65,5066.35
#45840,1163,Online,Complete,Delivered,163,urvi,1543248270,pa@gmail.com,"Festival Leisure Park, Cranes Farm Road, Basildon, Essex.",Ahmedabad,Gujarat,India,I,7254637910,love@gmail.com,D02,9,Mobile,Apple,35432,FLAT50,50,,,35432
#45841,1164,Online,Complete,Shipped,164,dhruvi,1543187070,ps@gmail.com,"1 High Street, Billericay, Essex",Ahmedabad,Gujarat,India,G,9100254673,meet@gmail.com,C01,6,Appliance,Air conditioner,54111,FLAT50,50,,,54111
#45842,1165,Online,Complete,Delivered,165,kanisha,1542995820,pd@gmail.com,"The New Mayflower, Jacksons Lane, Billericay, Essex",Surat,Gujarat,India,B,7653908726,ravi@gmail.com,B01,4,Fashion,Men's wear,5422,FLAT50,50,SOUND2341,271.1,5150.9
#45843,1166,Online,Complete,Delivered,166,dharm,1543031010,pf@gmail.com,"The Swan, The Broadway, Wickford, Essex",Vadodara,Gujarat,India,E,7227455460,deep@gmail.com,D03,10,Mobile,Nokia,3541,,0,,,3541
#45844,1167,Online,Complete,Delivered,167,dharmik,1543184010,gi@gmail.com,"East Mayne, Basildon, Essex",Surat,Gujarat,India,G,9100254673,meet@gmail.com,D01,8,Mobile,Samsung,25465,FLAT50,50,WOMAN23,1273.25,24191.75
#45845,1168,Online,Complete,Delivered,168,ahmed,1542876480,go@gmail.com,"35 Kingswood Road, Basildon, Essex",Ahmedabad,Gujarat,India,A,8630947540,shiv@gmail.com,C02,7,Appliance,Washing machine,35432,FLAT50,50,,,35432
#45846,1169,Cash,Pending,Delivered,169,preet,1543038660,gp@gmail.com,"Unit 7, Festival Way, Basildon, Essex",Surendranagar,Gujarat,India,H,8256378690,honey@gmail.com,B02,5,Fashion,Women's wear,533,FLAT50,50,,,533
#45847,1170,Online,Complete,Shipped,170,ashutosh,1543081500,ga@gmail.com,"Vange And Pitsea Working Mens Club, High Road, Vange, Basildon",,Gujarat,India,C,8902536748,jay@gmail.com,D03,10,Mobile,Nokia,52111,FLAT50,50,SOUND2341,2605.55,49505.45
#45848,1171,Online,Complete,Delivered,171,rutvika,1543018770,pl@gmail.com,"Wick Community Centre, Salcott Crescent, Wickford, Essex",Rajkot,Gujarat,India,E,7227455460,deep@gmail.com,B01,4,Fashion,Men's wear,6365,,0,,,6365
#45849,1172,Online,Complete,Delivered,172,noman,1543122810,pz@gmail.com,"Runwell Road, Wickford, Essex",Surat,Gujarat,India,G,9100254673,meet@gmail.com,D01,8,Mobile,Samsung,65455,FLAT50,50,,,65455
#45850,1173,Online,Complete,Delivered,173,jainam,1542855060,px@gmail.com,"Luncies Road, Basildon, Essex",Ahmedabad,Gujarat,India,H,8256378690,honey@gmail.com,C02,7,Appliance,Washing machine,654351,FLAT50,50,DIWALI10,32717.55,621633.45
#45851,1174,Online,Complete,Delivered,174,nirmal,1542870360,pc@gmail.com,"1 Northumberland Avenue, Laindon, Basildon",Rajkot,Gujarat,India,A,8630947540,shiv@gmail.com,D02,9,Mobile,Apple,65455,FLAT50,50,,,65455
#45852,1175,Online,Complete,Delivered,175,abhi,1542714300,oi@gmail.com,"Addison Howard Park, Bedford Road, Kempston, Bedford",Ahmedabad,Gujarat,India,J,9264380962,sid@gmail.com,A01,1,Electronic,Camera,65465,FLAT50,50,,,65465
#45853,1176,Online,Complete,Cancel,176,abhinav,1543009590,oa@gmail.com,"Kempston Rovers Football Club, Hillgrounds Road, Kempston, Bedford",Rajkot,Gujarat,India,B,7653908726,ravi@gmail.com,D03,10,Mobile,Nokia,5435,,0,ASDD456,271.75,5163.25
#45854,1177,Online,Complete,Delivered,177,soumya,1543185540,os@gmail.com,"30 The Broadway, Bedford",Surat,Gujarat,India,C,8902536748,jay@gmail.com,D01,8,Mobile,Samsung,35411,FLAT50,50,ASDD456,1770.55,33640.45
#45855,1178,Online,Complete,Delivered,178,khiloni,1542855060,od@gmail.com,"1 Duke Street, Bedford",Ahmedabad,Gujarat,India,E,7227455460,deep@gmail.com,B01,4,Fashion,Men's wear,3321,FLAT50,50,,,3321
#45856,1179,Online,Complete,Delivered,179,rutvi ,1543164120,of@gmail.com,"Palace Chambers, Silver Street, Bedford",Surendranagar,Gujarat,India,A,8630947540,shiv@gmail.com,A03,3,Electronic,Speakers,64313,FLAT50,50,YOGA3033,3215.65,61097.35
#45857,1180,Online,Complete,Delivered,180,prathna ,1542934620,og@gmail.com,"29 Harpur Street, Bedford",Surat,Gujarat,India,I,7254637910,love@gmail.com,B02,5,Fashion,Women's wear,3311,FLAT50,50,,,3311
#45858,1181,Online,Complete,Delivered,181,namratha,1543187070,oh@gmail.com,"72 St Loyes Street, Bedford",Rajkot,Gujarat,India,E,7227455460,deep@gmail.com,C01,6,Appliance,Air conditioner,35451,FLAT50,50,TUSJSDFH673,1772.55,33678.45
#45859,1182,Cash,Complete,Delivered,182,ami,1543167180,oj@gmail.com,"Bedford And County Golf Club, Green Lane, Clapham, Bedford",Ahmedabad,Gujarat,India,F,9823674590,shan@gmail.com,A01,1,Electronic,Camera,313234,FLAT50,50,,,313234
#45860,1183,Online,Complete,Shipped,183,apexa,1543246740,pv@gmail.com,"Bedford And County Golf Club, Green Lane, Clapham, Bedford",Surat,Gujarat,India,A,8630947540,shiv@gmail.com,D03,10,Mobile,Nokia,6534,FLAT30,30,,,6534
#45861,1184,Online,Complete,Delivered,184,mahi,1543008060,pb@gmail.com,"Bedford Arms, High Street, Souldrop, Bedford",Vadodara,Gujarat,India,G,9100254673,meet@gmail.com,D01,8,Mobile,Samsung,10332,FLAT50,50,TUSJSDFH673,516.6,9815.4
#45862,1185,Online,Complete,Delivered,185,tara,1543173300,pn@gmail.com,"Bedford Athletic Rugby Club, Wentworth Drive, Bedford",Ahmedabad,Gujarat,India,E,7227455460,deep@gmail.com,C02,7,Appliance,Washing machine,34444,FLAT50,50,,,34444
#45863,1186,Online,Complete,Delivered,186,anmol,1543135050,pm@gmail.com,"Bedford Borough Bowling Club, Goldington Road, Bedford",Rajkot,Gujarat,India,G,9100254673,meet@gmail.com,A02,2,Electronic,SmartWatch,3213,,0,DIWALI10,160.65,3052.35
#45864,1187,Online,Complete,Delivered,187,manjula,1543031010,ok@gmail.com,"Bedford Rowing Club, Duckmill Lane, Bedford",Surat,Gujarat,India,A,8630947540,shiv@gmail.com,B01,4,Fashion,Men's wear,3134,FLAT50,50,,,3134
#45865,1188,Online,Complete,Delivered,188,premila,1543113630,ol@gmail.com,"Bedford Rugby Union F C, Goldington Road, Bedford",Surat,Gujarat,India,H,8256378690,honey@gmail.com,A01,1,Electronic,Camera,64554,FLAT50,50,,,64554
#45866,1189,Online,Complete,Delivered,189,shilpa,1542556710,oz@gmail.com,"The Standard, 26-28 High Street, Bedford",Surendranagar,Gujarat,India,C,8902536748,jay@gmail.com,C01,6,Appliance,Air conditioner,35455,FLAT50,50,CHILD2344,1772.75,33682.25
#45867,1190,Online,Complete,Delivered,190,rasila,1542726540,ox@gmail.com,"Bedford Town Football Club, Meadow Lane, Bedford",Surat,Gujarat,India,F,9823674590,shan@gmail.com,D01,8,Mobile,Samsung,35452,FLAT50,50,,,35452
#45868,1191,Online,Complete,Delivered,191,geeta,1543084560,oc@gmail.com,"Bedfordshire Golf Club, Spring Lane, Stagsden, Bedford",Ahmedabad,Gujarat,India,B,7653908726,ravi@gmail.com,B01,4,Fashion,Men's wear,6463,FLAT50,50,TUSJSDFH673,323.15,6139.85
#45869,1192,Online,Complete,Delivered,192,urmila,1543185540,wsw@gmail.com,"Pavillion, Deep Spinney, Biddenham, Bedford",Rajkot,Gujarat,India,E,7227455460,deep@gmail.com,D02,9,Mobile,Apple,444444,FLAT50,50,,,444444
#45870,1193,Online,Complete,Delivered,193,harshini,1542732660,dun@gmail.com,"115-117 High Street, Bedford",Surat,Gujarat,India,D,7722446688,raj@gmail.com,C02,7,Appliance,Washing machine,35411,FLAT50,50,CHILD2344,1770.55,33640.45
#45871,1194,Online,Complete,Delivered,194,ayushi,1543162590,bam@gmail.com,"Briar Bank Club, Hawthorn Drive, Wilstead, Bedford",Ahmedabad,Gujarat,India,G,9100254673,meet@gmail.com,D03,10,Mobile,Nokia,15455,FLAT10,10,,,15455
#45872,1195,Online,Complete,Delivered,195,hasti,1542735720,boo@gmail.com,"Burnaby Arms, 66 Stanley Street, Bedford",Rajkot,Gujarat,India,A,8630947540,shiv@gmail.com,A01,1,Electronic,Camera,63434,FLAT50,50,MARKSNTI14,3171.7,60262.3
#45873,1196,Online,Complete,Delivered,196,nirali,1542977460,pan@gmail.com,"The Chequers Inn, 47 Hall End Road, Wootton, Bedfordshire",Vadodara,Gujarat,India,I,7254637910,love@gmail.com,D03,10,Mobile,Nokia,65555,FLAT50,50,,,65555
#45874,1197,Online,Complete,Delivered,197,niky,1543167180,da@gmail.com,"32a Alexandra Road, Bedford",Surat,Gujarat,India,C,8902536748,jay@gmail.com,D01,8,Mobile,Samsung,33555,FLAT50,50,,,33555
#45875,1198,Online,Complete,Delivered,198,meenal,1543190130,tok@gmail.com,"Colmworth Golf Club, New Road, Colmworth, Bedford",Ahmedabad,Gujarat,India,D,7722446688,raj@gmail.com,A03,3,Electronic,Speakers,3333,FLAT50,50,MARKSNTI14,166.65,3166.35
#45876,1199,Online,Complete,Delivered,199,hinal,1542573540,tuk@gmail.com,"Unilever Sports & Social Club,, Colworth Estate, Sharnbrook, Bedford",Surendranagar,Gujarat,India,F,9823674590,shan@gmail.com,D03,10,Mobile,Nokia,35455,FLAT50,50,,,35455
#45877,1200,Online,Complete,Delivered,200,jeenal,1543073850,rte@gmail.com,"The Cross Keys, 69 High Street, Bedford",Surat,Gujarat,India,A,8630947540,shiv@gmail.com,A02,2,Electronic,SmartWatch,5455,FLAT50,50,,,5455
#45878,1201,Online,Complete,Delivered,201,tulsi,1542861180,qk@gmail.com,"The Crown Inn, Green End, Little Staughton, Bedford",Rajkot,Gujarat,India,H,8256378690,honey@gmail.com,D02,9,Mobile,Apple,32411,FLAT50,50,CHILD2344,1620.55,30790.45
#45879,1202,Online,Complete,Delivered,202,bhumi,1543032540,ql@gmail.com,"Devonshire Arms, 32 Dudley Street, Bedford",Ahmedabad,Gujarat,India,D,7722446688,raj@gmail.com,C02,7,Appliance,Washing machine,25241,,0,,,25241
#45880,1203,Online,Complete,Delivered,203,reena,1543073850,qz@gmail.com,"13 St Johns Street, Bedford",Surat,Gujarat,India,E,7227455460,deep@gmail.com,D03,10,Mobile,Nokia,325453,FLAT50,50,ASDD456,16272.65,309180.35
#45881,1204,Online,Complete,Shipped,204,tina,1543086090,qx@gmail.com,"3a Lurke Street, Bedford",Rajkot,Gujarat,India,A,8630947540,shiv@gmail.com,B02,5,Fashion,Women's wear,2522,FLAT10,10,TUSJSDFH673,126.1,2395.9
#45882,1205,Online,Complete,Delivered,205,siddhi,1543046310,qc@gmail.com,"Fox & Duck, 13 Bedford Road, Wootton, Bedford",Surendranagar,Gujarat,India,F,9823674590,shan@gmail.com,B01,4,Fashion,Men's wear,6432,,0,,,6432
#45883,1206,Cash,Pending,Delivered,206,riddhi,1542882600,qv@gmail.com,"Fox And Hounds, High Street, Riseley, Bedford",Surat,Gujarat,India,D,7722446688,raj@gmail.com,D03,10,Mobile,Nokia,21222,,0,,,21222
#45884,1207,Online,Complete,Delivered,207,ishika,1543032540,qb@gmail.com,"Fox And Hounds, 1 Milton Road, Clapham, Bedford",Vadodara,Gujarat,India,C,8902536748,jay@gmail.com,C01,6,Appliance,Air conditioner,24252,FLAT50,50,FREEDOM37,1212.6,23039.4
#45885,1208,Online,Complete,Delivered,208,deepshika,1542848940,la@gmail.com,"The Fox And Hounds, 178 Goldington Road, Bedford",Rajkot,Gujarat,India,E,7227455460,deep@gmail.com,D03,10,Mobile,Nokia,45222,FLAT50,50,ASDD456,2261.1,42960.9
#45886,1209,Online,Complete,Delivered,209,ridhima,1543037130,ls@gmail.com,"Fox Inn, 35 High Street, Carlton, Bedford",Surat,Gujarat,India,F,9823674590,shan@gmail.com,B01,4,Fashion,Men's wear,3311,FLAT50,50,,,3311
#45887,1210,Online,Complete,Shipped,210,pragya,1542743370,sp@gmail.com,"Santa Pod Raceway, Podington Airfield, Airfield Road, Podington, Bedford",Ahmedabad,Gujarat,India,A,8630947540,shiv@gmail.com,A01,1,Electronic,Camera,56444,FLAT30,30,,,56444
#45888,1211,Online,Complete,Delivered,211,dhwani,1542562830,lq@gmail.com,"Gardeners Arms, 12 Sandhurst Road, Bedford",Surat,Gujarat,India,J,9264380962,sid@gmail.com,D01,8,Mobile,Samsung,254211,FLAT50,50,MARKSNTI14,12710.55,241500.45
#45889,1212,Online,Complete,Delivered,212,diksha,1542888720,lo@gmail.com,"George And Dragon, 39 Mill Street, Bedford",Rajkot,Gujarat,India,C,8902536748,jay@gmail.com,B01,4,Fashion,Men's wear,6444,FLAT50,50,,,6444
#45890,1213,Online,Complete,Delivered,213,harsh,1542721950,ov@gmail.com,"Gordon Arms, 118 Castle Road, Bedford",Surendranagar,Gujarat,India,D,7722446688,raj@gmail.com,D02,9,Mobile,Apple,221121,FLAT50,50,,,221121
#45891,1214,Online,Complete,Cancel,214,sunny,1543037130,ob@gmail.com,"Greyfriars Snooker Centre, Greyfriars, Bedford",Rajkot,Gujarat,India,C,8902536748,jay@gmail.com,A03,3,Electronic,Speakers,63433,FLAT50,50,SOUND2341,3171.65,60261.35
#45892,1215,Online,Complete,Delivered,215,het,1542819870,on@gmail.com,"The Half Moon, 108 High Street, Kempston, Bedford",Ahmedabad,Gujarat,India,F,9823674590,shan@gmail.com,A02,2,Electronic,SmartWatch,6543,FLAT50,50,,,6543
#45893,1216,Online,Complete,Delivered,216,rudra,1543087620,om@gmail.com,"30-32 High Street, Bedford",Surat,Gujarat,India,A,8630947540,shiv@gmail.com,B02,5,Fashion,Women's wear,3111,FLAT50,50,SOUND2341,155.55,2955.45
#45894,1217,Online,Complete,Delivered,217,akshat,1543243680,zax@gmail.com,"Horse & Jockey, Church End, Ravensden, Bedford",Vadodara,Gujarat,India,G,9100254673,meet@gmail.com,C02,7,Appliance,Washing machine,35242,FLAT50,50,,,35242
#45895,1218,Cash,Pending,Delivered,218,Chetan,1542867300,joj@gmail.com,"2 Spenser Road, Bedford",Rajkot,Gujarat,India,C,8902536748,jay@gmail.com,A03,3,Electronic,Speakers,31311,FLAT10,10,MARKSNTI14,1565.55,29745.45
#45896,1219,Online,Complete,Delivered,219,gaurnag,1542737250,zac@gmail.com,"196a Bedford Road, Kempston, Bedford",Ahmedabad,Gujarat,India,D,7722446688,raj@gmail.com,A01,1,Electronic,Camera,21112,FLAT50,50,,,21112
#45897,1220,Online,Complete,Delivered,220,Kabir,1543170240,zaq@gmail.com,"290 Hillgrounds Road, Kempston, Bedford",Surat,Gujarat,India,E,7227455460,deep@gmail.com,D03,10,Mobile,Nokia,455,FLAT50,50,,,455
#45898,1221,Online,Complete,Delivered,221,dhvit,1542959100,sam@gmail.com,"Kent Arms, 54 Salisbury Street, Bedford",Surat,Gujarat,India,C,8902536748,jay@gmail.com,B01,4,Fashion,Men's wear,4222,FLAT50,50,,,4222
#45899,1222,Online,Complete,Delivered,222,smit,1542725010,san@gmail.com,"King William Iv, 56 High Street, Kempston, Bedford",Surendranagar,Gujarat,India,F,9823674590,shan@gmail.com,D02,9,Mobile,Apple,65343,FLAT50,50,,,65343
#45900,1223,Online,Complete,Delivered,223,hetuk,1542697470,gh@gmail.com,"Kings Arms, The Green, Cardington, Bedford",Ahmedabad,Gujarat,India,A,8630947540,shiv@gmail.com,A03,3,Electronic,Speakers,31211,FLAT50,50,SOUND2341,1560.55,29650.45
#45901,1224,Online,Complete,Delivered,224,dakhsh,1542731130,gj@gmail.com,"The Kings Arms, 24 St Marys Street, Bedford",Rajkot,Gujarat,India,J,9264380962,sid@gmail.com,D03,10,Mobile,Nokia,65411,FLAT50,50,,,65411
#45902,1225,Online,Complete,Delivered,225,khushal,1542850470,gk@gmail.com,"57 London Road, Bedford",Vadodara,Gujarat,India,C,8902536748,jay@gmail.com,C01,6,Appliance,Air conditioner,23354,,0,,,23354
#45903,1226,Online,Complete,Shipped,226,ashwin,1543165650,gl@gmail.com,"Meltis Sports And Social Club, Miller Road, Bedford",Ahmedabad,Gujarat,India,F,9823674590,shan@gmail.com,A01,1,Electronic,Camera,52222,FLAT30,30,,,52222
#45904,1227,Online,Complete,Delivered,227,monark,1542871890,pop@gmail.com,"91 Mile Road, Bedford",Rajkot,Gujarat,India,A,8630947540,shiv@gmail.com,B01,4,Fashion,Men's wear,1322,FLAT50,50,SPEACIAL099,66.1,1255.9
#45905,1228,Online,Complete,Delivered,228,honey,1542865770,plo@gmail.com,"Mulberry Bush, Springfield Centre, Kempston, Bedford",Ahmedabad,Gujarat,India,E,7227455460,deep@gmail.com,C02,7,Appliance,Washing machine,32411,FLAT30,30,,,32411
#45906,1229,Online,Complete,Delivered,229,ankush,1543226850,kok@gmail.com,"The North End Working Mens Social Club, 60 Roff Avenue, Bedford",Surat,Gujarat,India,C,8902536748,jay@gmail.com,A02,2,Electronic,SmartWatch,2311,FLAT50,50,,,2311
#45907,1230,Online,Complete,Delivered,230,jaimin,1545938010,bob@gmail.com,"13 St Pauls Square, Bedford",Vadodara,Gujarat,India,F,9823674590,shan@gmail.com,D01,8,Mobile,Samsung,53422,FLAT50,50,,,53422
#45908,1231,Online,Complete,Shipped,231,jeet,1546141500,baq@gmail.com,"Oakley Sport And Social Club, Church Lane, Oakley, Bedford",,Gujarat,India,A,8630947540,shiv@gmail.com,A03,3,Electronic,Speakers,3966,FLAT50,50,YOGA3033,198.3,3767.7
#45909,1232,Online,Complete,Delivered,232,tejas,1545684030,som@gmail.com,"Pavenham Park Golf Club, High Street, Pavenham, Bedford",Rajkot,Gujarat,India,H,8256378690,honey@gmail.com,D02,9,Mobile,Apple,355455,FLAT50,50,,,355455
#45910,1233,Online,Complete,Delivered,233,sholka,1545912000,sang@gmail.com,"42 Midland Road, Bedford",Surat,Gujarat,India,D,7722446688,raj@gmail.com,C01,6,Appliance,Air conditioner,32555,FLAT50,50,,,32555
#45911,1234,Cash,Complete,Delivered,234,kartik,1546291440,dod@gmail.com,"Podington Cricket Club, Hinwick Road, Podington, Bedford",Rajkot,Gujarat,India,C,8902536748,jay@gmail.com,B01,4,Fashion,Men's wear,31111,,0,YOGA3033,1555.55,29555.45
#45912,1235,Online,Complete,Delivered,235,krunal,1546389360,saw@gmail.com,"United Services Club, Gold Street, Podington, Bedford",Ahmedabad,Gujarat,India,E,7227455460,deep@gmail.com,D03,10,Mobile,Nokia,24114,FLAT50,50,,,24114
#45913,1236,Online,Complete,Delivered,236,prahlad,1546038990,gz@gmail.com,"The Polhill Arms, 25 Wilden Road, Renhold, Bedford",Vadodara,Gujarat,India,D,7722446688,raj@gmail.com,A01,1,Electronic,Camera,55426,FLAT50,50,,,55426
#45914,1237,Online,Complete,Cancel,237,hasmukh,1546270020,gx@gmail.com,"The Prince Of Wales, 8 Northampton Road, Bromham, Bedford",Ahmedabad,Gujarat,India,C,8902536748,jay@gmail.com,D03,10,Mobile,Nokia,552212,FLAT50,50,YOGA3033,27610.6,524601.4
#45915,1238,Online,Complete,Delivered,238,mansukh,1546094070,gc@gmail.com,"Queens Tavern, 120 Queens Drive, Bedford",Rajkot,Gujarat,India,F,9823674590,shan@gmail.com,B02,5,Fashion,Women's wear,5654,FLAT10,10,,,5654
#45916,1239,Online,Complete,Delivered,239,dhruv,1545951780,gv@gmail.com,"93 Ashburnham Road, Bedford",Surat,Gujarat,India,C,8902536748,jay@gmail.com,D03,10,Mobile,Nokia,56666,FLAT50,50,FREEDOM37,2833.3,53832.7
#45917,1240,Online,Complete,Delivered,240,ansar,1546089480,joj@gmail.com,"Red Lion, Bedford Road, Wilstead, Bedford",Surendranagar,Gujarat,India,A,8630947540,shiv@gmail.com,A02,2,Electronic,SmartWatch,3544,FLAT50,50,,,3544
#45918,1241,Online,Complete,Delivered,241,mohit,1545645780,gogo@gmail.com,"Royal Oak, 33 High Street, Roxton, Bedford",Ahmedabad,Gujarat,India,G,9100254673,meet@gmail.com,D02,9,Mobile,Apple,92000,FLAT50,50,WOMAN23,4600,87400
#45919,1242,Online,Complete,Delivered,242,jitendra,1546340400,dodo@gmail.com,"The Royal Oak, 91 Woburn Road, Kempston, Bedford",Rajkot,Gujarat,India,D,7722446688,raj@gmail.com,B01,4,Fashion,Men's wear,5543,FLAT50,50,,,5543
#45920,1243,Online,Complete,Delivered,243,krish,1545993090,ban@gmail.com,"Russell Park Social Club, 69 Goldington Road, Bedford",Ahmedabad,Gujarat,India,C,8902536748,jay@gmail.com,D01,8,Mobile,Samsung,39411,FLAT50,50,,,39411
#45921,1244,Cash,Pending,Delivered,244,jordan,1546173630,kyu@gmail.com,"The Ship, 7 St Cuthberts Street, Bedford",Surat,Gujarat,India,E,7227455460,deep@gmail.com,B02,5,Fashion,Women's wear,2121,,0,DIWALI10,106.05,2014.95
#45922,1245,Online,Complete,Cancel,245,obama,1546094070,era@gmail.com,"Shortstown Village Hall, Shorts Avenue, Shortstown, Bedford",Rajkot,Gujarat,India,A,8630947540,shiv@gmail.com,C02,7,Appliance,Washing machine,20999,FLAT10,10,,,20999
#45923,1246,Online,Complete,Delivered,246,bhuvan,1545954840,helo@gmail.com,"The Smiths Arms, 15 Margetts Road, Kempston, Bedford",Vadodara,Gujarat,India,J,9264380962,sid@gmail.com,A03,3,Electronic,Speakers,33999,FLAT50,50,,,33999
#45924,1247,Online,Complete,Delivered,247,karan,1546143030,jooy@gmail.com,"The Pavilion, Chester Road, Bedford",Surat,Gujarat,India,C,8902536748,jay@gmail.com,B01,4,Fashion,Men's wear,24344,FLAT50,50,TUSJSDFH673,1217.2,23126.8
#45925,1248,Online,Complete,Delivered,248,aksh,1546294500,long@gmail.com,"Sporting Targets Ltd, Knotting Lane, Riseley, Bedford",Rajkot,Gujarat,India,D,7722446688,raj@gmail.com,D03,10,Mobile,Nokia,56666,FLAT50,50,,,56666
#45926,1249,Online,Complete,Delivered,249,prakashraj,1545866100,sayy@gmail.com,"St Johns Arms, Knotting Road, Melchbourne, Bedford",Ahmedabad,Gujarat,India,F,9823674590,shan@gmail.com,C01,6,Appliance,Air conditioner,33999,FLAT50,50,,,33999
#45927,1250,Online,Complete,Delivered,250,anish,1545798780,bud@gmail.com,"Star Rowing Club, Commercial Road, Bedford",Surat,Gujarat,India,B,7653908726,ravi@gmail.com,B02,5,Fashion,Women's wear,3666,FLAT50,50,FREEDOM37,183.3,3482.7
#45928,1251,Online,Complete,Delivered,251,ravi,1546132320,gb@gmail.com,"The Club House, Stewartby Way, Stewartby, Bedford",Rajkot,Gujarat,India,E,7227455460,deep@gmail.com,D01,8,Mobile,Samsung,32322,FLAT50,50,,,32322
#45929,1252,Online,Complete,Delivered,252,junaid,1546120080,gn@gmail.com,"Swan Inn, 21 Bridge End, Bromham, Bedford",Vadodara,Gujarat,India,C,8902536748,jay@gmail.com,B01,4,Fashion,Men's wear,3222,FLAT50,50,,,3222
#45930,1253,Online,Complete,Delivered,253,sajjad,1545777360,gm@gmail.com,"The Keep, Bedford Road, Kempston, Bedford",Ahmedabad,Gujarat,India,J,9264380962,sid@gmail.com,A02,2,Electronic,SmartWatch,3222,FLAT50,50,ASDD456,161.1,3060.9
#45931,1254,Online,Complete,Delivered,254,suresh,1546320510,me@gmail.com,"The Anchor, 397 Goldington Road, Bedford",Surat,Gujarat,India,A,8630947540,shiv@gmail.com,B02,5,Fashion,Women's wear,5666,FLAT50,50,,,5666
#45932,1255,Online,Complete,Delivered,255,ramesh,1546302150,md@gmail.com,"The Anchor Inn, Cardington Road, Bedford",Rajkot,Gujarat,India,F,9823674590,shan@gmail.com,C02,7,Appliance,Washing machine,654326,FLAT50,50,FREEDOM37,32716.3,621609.7
#45933,1256,Online,Complete,Delivered,256,kalpesh,1546190460,mc@gmail.com,"The Anchor Inn, 85 High Street, Great Barford, Bedford",Ahmedabad,Gujarat,India,C,8902536748,jay@gmail.com,A03,3,Electronic,Speakers,7799,FLAT50,50,,,7799
#45934,1257,Online,Complete,Delivered,257,alpesh,1545781950,gs@gmail.com,"The Artisan Tap, 92 High Street, Bedford",Rajkot,Gujarat,India,D,7722446688,raj@gmail.com,A01,1,Electronic,Camera,89000,FLAT30,30,,,89000
#45935,1258,Online,Complete,Delivered,258,jay,1545650370,gd@gmail.com,"52 Foster Hill Road, Bedford",Surat,Gujarat,India,C,8902536748,jay@gmail.com,B01,4,Fashion,Men's wear,2323,FLAT50,50,,,2323
#45936,1259,Online,Complete,Delivered,259,payal,1545716160,ccc@gmail.com,"Bedford Arms, 57 High Street, Oakley, Bedford",Vadodara,Gujarat,India,E,7227455460,deep@gmail.com,D02,9,Mobile,Apple,65433,FLAT50,50,SPEACIAL099,2617.32,62815.68
#45937,1260,Online,Complete,Shipped,260,pankti,1546337340,mr@gmail.com,"11 De Parys Avenue, Bedford",Ahmedabad,Gujarat,India,A,8630947540,shiv@gmail.com,D01,8,Mobile,Samsung,65465,FLAT50,50,,,65465
#45938,1261,Online,Complete,Delivered,261,poojan,1546248600,mf@gmail.com,"The Bedford Golf Clubhouse, 10 Carnoustie Drive, Great Denham, Bedford",Rajkot,Gujarat,India,J,9264380962,sid@gmail.com,A02,2,Electronic,SmartWatch,2562,FLAT50,50,,,2562
#45939,1262,Online,Complete,Delivered,262,archil,1546299090,mv@gmail.com,"The Bell, 61 High Road, Cotton End, Bedford",Surat,Gujarat,India,D,7722446688,raj@gmail.com,B01,4,Fashion,Men's wear,2455,FLAT50,50,FREEDOM37,122.75,2332.25
#45940,1263,Online,Complete,Delivered,263,labdhi,1545847740,gf@gmail.com,"The Bell, 81 High Street, Odell, Bedford",Ahmedabad,Gujarat,India,C,8902536748,jay@gmail.com,C01,6,Appliance,Air conditioner,635343,FLAT50,50,,,635343
#45941,1264,Online,Complete,Delivered,264,priya,1545731460,gg@gmail.com,"115 Putnoe Lane, Bedford",Rajkot,Gujarat,India,F,9823674590,shan@gmail.com,D01,8,Mobile,Samsung,35432,FLAT50,50,,,35432
#45942,1265,Cash,Pending,Shipped,265,apurva,1546020630,bbb@gmail.com,"The Bull, 259 London Road, Bedford",Ahmedabad,Gujarat,India,B,7653908726,ravi@gmail.com,A02,2,Electronic,SmartWatch,4555,FLAT10,10,FREEDOM37,409.95,4145.05
#45943,1266,Online,Complete,Delivered,266,kriya,1545720750,mb@gmail.com,"The Castle, 17 Newnham Street, Bedford",Surat,Gujarat,India,F,9823674590,shan@gmail.com,C02,7,Appliance,Washing machine,53455,FLAT50,50,,,53455
#45944,1267,Online,Complete,Delivered,267,anshi,1545798780,mg@gmail.com,"The Chequers Inn, Pertenhall Road, Keysoe, Bedford",Surendranagar,Gujarat,India,C,8902536748,jay@gmail.com,B02,5,Fashion,Women's wear,9655,FLAT50,50,,,9655
#45945,1268,Online,Complete,Delivered,268,rajat,1546292970,mt@gmail.com,"The Chequers Inn, High Street, Yielden, Bedford",Vadodara,Gujarat,India,D,7722446688,raj@gmail.com,B01,4,Fashion,Men's wear,2322,FLAT50,50,,,2322
#45946,1269,Online,Complete,Delivered,269,rinkal,1546303680,pg@gmail.com,"The Chimney Corner Public House, Ampthill Road, Kempston Hardwick, Bedford",Surat,Gujarat,India,C,8902536748,jay@gmail.com,C02,7,Appliance,Washing machine,53432,FLAT50,50,TUSJSDFH673,2671.6,50760.4
#45947,1270,Online,Complete,Delivered,270,sloka,1546046640,ph@gmail.com,"The Cock Inn, 2 Bedford Road, Wootton, Bedfordshire",Ahmedabad,Gujarat,India,A,8630947540,shiv@gmail.com,D03,10,Mobile,Nokia,23313,FLAT50,50,,,23313
#45948,1271,Online,Complete,Delivered,271,ruchita,1546091010,pj@gmail.com,"The Crown, 17 Station Road, Willington, Bedford",Rajkot,Gujarat,India,J,9264380962,sid@gmail.com,A01,1,Electronic,Camera,89888,,0,,,89888
#45949,1272,Online,Complete,Delivered,272,ridham,1545726870,pk@gmail.com,"Crown Inn Public House, Phoenix Park, Wyboston, Bedford",Ahmedabad,Gujarat,India,E,7227455460,deep@gmail.com,D01,8,Mobile,Samsung,345313,FLAT30,30,,,345313
#45950,1273,Online,Complete,Delivered,273,param,1546179750,aaa@gmail.com,"The Duke Inn, 10 Woburn Road, Kempston, Bedford",Surat,Gujarat,India,B,7653908726,ravi@gmail.com,B01,4,Fashion,Men's wear,35433,FLAT50,50,YOGA3033,1771.65,33661.35
#45951,1274,Online,Complete,Delivered,274,jeet,1546286850,my@gmail.com,"The Falcon Inn, Rushden Road, Bletsoe, Bedford",Vadodara,Gujarat,India,D,7722446688,raj@gmail.com,C02,7,Appliance,Washing machine,351321,FLAT50,50,,,351321
#45952,1275,Online,Complete,Delivered,275,shrey,1546091010,mh@gmail.com,"The Five Bells, 1-3 Northill Road, Cople, Bedford",Ahmedabad,Gujarat,India,C,8902536748,jay@gmail.com,B02,5,Fashion,Women's wear,3111,FLAT50,50,,,3111
#45953,1276,Online,Complete,Cancel,276,samir,1546025220,mj@gmail.com,"The Flowerpot, 25 Tavistock Street, Bedford",Rajkot,Gujarat,India,F,9823674590,shan@gmail.com,D03,10,Mobile,Nokia,31312,FLAT50,50,,,31312
#45954,1277,Cash,Pending,Delivered,277,vinay,1546032870,kr@gmail.com,"2 Ram Yard, Bedford",Ahmedabad,Gujarat,India,A,8630947540,shiv@gmail.com,B02,5,Fashion,Women's wear,9655,FLAT50,50,SPEACIAL099,482.75,9172.25
#45955,1278,Online,Complete,Delivered,278,fahim,1545950250,kf@gmail.com,"The Foresters Arms, 41 Union Street, Bedford",Surat,Gujarat,India,G,9100254673,meet@gmail.com,C01,6,Appliance,Air conditioner,654321,FLAT50,50,,,654321
#45956,1279,Online,Complete,Shipped,279,fahed,1546214940,kv@gmail.com,"32-34 Mill Street, Bedford",Rajkot,Gujarat,India,C,8902536748,jay@gmail.com,A02,2,Electronic,SmartWatch,5421,FLAT50,50,SPEACIAL099,271.05,5149.95
#45957,1280,Online,Complete,Delivered,280,sneha,1545729930,mq@gmail.com,"The Muntjac, 71 High Street, Harrold, Bedford",Ahmedabad,Gujarat,India,C,8902536748,jay@gmail.com,D01,8,Mobile,Samsung,54321,,0,,,54321
#45958,1281,Online,Complete,Delivered,281,jaivik,1545830910,ma@gmail.com,"The New Inn, 1 Rushden Road, Wymington, Bedford",Vadodara,Gujarat,India,F,9823674590,shan@gmail.com,B01,4,Fashion,Men's wear,3213,FLAT10,10,,,3213
#45959,1282,Online,Complete,Delivered,282,vamin,1545953310,mz@gmail.com,"The Sportsman, 58 The Boundary, Bedford",Surendranagar,Gujarat,India,A,8630947540,shiv@gmail.com,D02,9,Mobile,Apple,31231,FLAT50,50,,,31231
#45960,1283,Online,Complete,Delivered,283,sweety,1546120080,mx@gmail.com,"The Oakley Arms, 98 High Street, Harrold, Bedford",Surat,Gujarat,India,J,9264380962,sid@gmail.com,B02,5,Fashion,Women's wear,2322,FLAT50,50,DIWALI10,116.1,2205.9
#45961,1284,Online,Complete,Cancel,284,fareed,1546029810,ms@gmail.com,"2 Lurke Street, Bedford",Rajkot,Gujarat,India,D,7722446688,raj@gmail.com,C01,6,Appliance,Air conditioner,32113,FLAT10,10,,,32113
#45962,1285,Online,Complete,Delivered,285,kaushal,1545947190,kc@gmail.com,"The Park Public House, 98 Kimbolton Road, Bedford",Ahmedabad,Gujarat,India,C,8902536748,jay@gmail.com,B01,4,Fashion,Men's wear,8555,FLAT50,50,TUSJSDFH673,427.75,8127.25
#45963,1286,Online,Complete,Delivered,286,arish,1545977790,kd@gmail.com,"The Pheasant, 300 Kimbolton Road, Bedford",Surat,Gujarat,India,G,9100254673,meet@gmail.com,B01,4,Fashion,Men's wear,8999,FLAT50,50,,,8999
#45964,1287,Online,Complete,Delivered,287,hit,1545651900,ke@gmail.com,"The Rose, 45 High Street, Bedford",Rajkot,Gujarat,India,A,8630947540,shiv@gmail.com,D01,8,Mobile,Samsung,65431,FLAT50,50,,,65431
#45965,1288,Online,Complete,Shipped,288,asif,1546094070,jx@gmail.com,"The Royal George, 8-10 Silver Street, Stevington, Bedford",Ahmedabad,Gujarat,India,F,9823674590,shan@gmail.com,D01,8,Mobile,Samsung,645531,FLAT50,50,MARKSNTI14,32276.55,613254.45
#45966,1289,Cash,Pending,Delivered,289,deep,1545728400,js@gmail.com,"23 Bridgend, Carlton, Bedford",Vadodara,Gujarat,India,E,7227455460,deep@gmail.com,D02,9,Mobile,Apple,65400,FLAT50,50,ASDD456,3270,62130
#45967,1290,Online,Complete,Delivered,290,bhakti,1546179750,jw@gmail.com,"The Ship, 102 Bromham Road, Bedford",Ahmedabad,Gujarat,India,C,8902536748,jay@gmail.com,A02,2,Electronic,SmartWatch,32222,FLAT50,50,,,32222
#45968,1291,Online,Complete,Delivered,291,shivani,1546159860,kw@gmail.com,"The Star Inn, 42 High Street, Clapham, Bedfordshire",Surat,Gujarat,India,D,7722446688,raj@gmail.com,D03,10,Mobile,Nokia,65232,FLAT30,30,,,65232
#45969,1292,Online,Complete,Cancel,292,rinkal,1546135380,ks@gmail.com,"Sun Inn, Grange Road, Felmersham, Bedford",Rajkot,Gujarat,India,B,7653908726,ravi@gmail.com,D02,9,Mobile,Apple,65460,FLAT50,50,SPEACIAL099,3273,62187
#45970,1293,Online,Complete,Delivered,293,vaibhav,1546207290,kx@gmail.com,"The Swan With Two Nicks, 38 High Street, Sharnbrook, Bedford",Ahmedabad,Gujarat,India,G,9100254673,meet@gmail.com,C02,7,Appliance,Washing machine,65400,FLAT50,50,,,65400
#45971,1294,Online,Complete,Delivered,294,purvi,1545720750,jq@gmail.com,"117 Tavistock Street, Bedford",Surendranagar,Gujarat,India,F,9823674590,shan@gmail.com,B01,4,Fashion,Men's wear,32122,FLAT50,50,YOGA3033,1606.1,30515.9
#45972,1295,Online,Complete,Delivered,295,khushali,1545795720,ja@gmail.com,"Three Compasses, High Street, Upper Dean, Bedford",Surat,Gujarat,India,C,8902536748,jay@gmail.com,D02,9,Mobile,Apple,32400,FLAT50,50,FREEDOM37,1620,30780
#45973,1296,Cash,Pending,Delivered,296,aisha,1545795720,jz@gmail.com,"The Three Cranes, High Street, Turvey, Bedford",Rajkot,Gujarat,India,D,7722446688,raj@gmail.com,B01,4,Fashion,Men's wear,6333,FLAT50,50,ASDD456,316.65,6016.35
#45974,1297,Online,Complete,Delivered,297,zehra,1546000740,kz@gmail.com,"The Three Cups, 45 Newnham Street, Bedford",Vadodara,Gujarat,India,J,9264380962,sid@gmail.com,C02,7,Appliance,Washing machine,54500,FLAT30,30,,,54500
#45975,1298,Online,Complete,Cancel,298,pratap,1546000740,kq@gmail.com,"The Tiger Moth, 20 Avon Drive, Bedford",Surat,Gujarat,India,A,8630947540,shiv@gmail.com,A02,2,Electronic,SmartWatch,9655,FLAT10,10,,,9655
#45976,1299,Online,Complete,Shipped,299,yogesh,1546165980,ka@gmail.com,"2-4 Bedford Road, Wilstead, Bedford",Rajkot,Gujarat,India,F,9823674590,shan@gmail.com,A01,1,Electronic,Camera,89000,FLAT50,50,FREEDOM37,4450,84550